source_file,poet,poem_title,reason
Gedichte.phz6.0.xml,"Haller, Albrecht von",Fußnoten,Excluded title
Gedichte.phz6.0.xml,"Haller, Albrecht von",Fußnoten,Excluded title
Gedichte.phz6.0.xml,"Haller, Albrecht von",Fußnoten,Excluded title
Gedichte.phz6.0.xml,"Haller, Albrecht von",Fußnoten,Excluded title
Gedichte.phz6.0.xml,"Haller, Albrecht von",Fußnoten,Excluded title
Gedichte.phz6.0.xml,"Haller, Albrecht von",Fußnoten,Excluded title
Gedichte.phz6.0.xml,"Haller, Albrecht von",Fußnoten,Excluded title
Gedichte.phz6.0.xml,"Haller, Albrecht von",Fußnoten,Excluded title
Gedichte.phz6.0.xml,"Haller, Albrecht von",Fußnoten,Excluded title
Gedichte.phz6.0.xml,"Haller, Albrecht von",Fußnoten,Excluded title
Gedichte.phz6.0.xml,"Haller, Albrecht von",Fußnoten,Excluded title
Gedichte.phz6.0.xml,"Haller, Albrecht von",Fußnoten,Excluded title
Gedichte.phz6.0.xml,"Haller, Albrecht von",Erstes Buch,Excluded title
Gedichte.phz6.0.xml,"Haller, Albrecht von",Zweites Buch,Excluded title
Gedichte.phz6.0.xml,"Haller, Albrecht von",Fußnoten,Excluded title
Gedichte.phz6.0.xml,"Haller, Albrecht von",Fußnoten,Excluded title
Gedichte.phz6.0.xml,"Haller, Albrecht von",Fußnoten,Excluded title
Gedichte.phz6.0.xml,"Haller, Albrecht von",Fußnoten,Excluded title
Gedichte.phz6.0.xml,"Haller, Albrecht von",Fußnoten,Excluded title
Gedichte.phz6.0.xml,"Haller, Albrecht von",Fußnoten,Excluded title
Gedichte.phz6.0.xml,"Haller, Albrecht von",Fußnoten,Excluded title
Gedichte.phz6.0.xml,"Haller, Albrecht von",Fußnoten,Excluded title
Gedichte.phz6.0.xml,"Haller, Albrecht von",Fußnoten,Excluded title
Gedichte.phz6.0.xml,"Haller, Albrecht von",Fußnoten,Excluded title
Gedichte.phz6.0.xml,"Haller, Albrecht von",Fußnoten,Excluded title
Gedichte.phz6.0.xml,"Haller, Albrecht von",Fußnoten,Excluded title
Gedichte.ks55.0.xml,"Brockes, Barthold Heinrich",Vorbericht,Too few verse lines (0)
Gedichte.ks55.0.xml,"Brockes, Barthold Heinrich",Einleitung,Excluded title
Gedichte.ks55.0.xml,"Brockes, Barthold Heinrich","Ps. CIV, 12.",Dramatic content (<sp>/<speaker>)
Gedichte.ks55.0.xml,"Brockes, Barthold Heinrich","Ps. XC, 12.",Dramatic content (<sp>/<speaker>)
Gedichte.ks55.0.xml,"Brockes, Barthold Heinrich","Ps. CIV, 10.",Dramatic content (<sp>/<speaker>)
Gedichte.ks55.0.xml,"Brockes, Barthold Heinrich",Die Luft,Too many verse lines (632)
Gedichte.ks55.0.xml,"Brockes, Barthold Heinrich",Die Rose,Dramatic content (<sp>/<speaker>)
Gedichte.ks55.0.xml,"Brockes, Barthold Heinrich","Eccl. II, 5.",Dramatic content (<sp>/<speaker>)
Gedichte.ks55.0.xml,"Brockes, Barthold Heinrich","Ps. LXV, 13. 14.",Dramatic content (<sp>/<speaker>)
Gedichte.ks55.0.xml,"Brockes, Barthold Heinrich",Fußnoten,Excluded title
Gedichte.ks55.0.xml,"Brockes, Barthold Heinrich",Der Wald,Dramatic content (<sp>/<speaker>)
Gedichte.ks55.0.xml,"Brockes, Barthold Heinrich","Betrachtung des Blanckenburgischen Marmors, in einem Hirten-Gedichte",Too many verse lines (415)
Gedichte.ks55.0.xml,"Brockes, Barthold Heinrich",Schönheit der zur Abend-Zeit hinter einem Gebüsche hervorstrahlenden Sonne,Dramatic content (<sp>/<speaker>)
Gedichte.ks55.0.xml,"Brockes, Barthold Heinrich",Fußnoten,Dramatic content (<sp>/<speaker>)
Gedichte.ks55.0.xml,"Brockes, Barthold Heinrich",Die Wein-Rebe,Dramatic content (<sp>/<speaker>)
Gedichte.ks55.0.xml,"Brockes, Barthold Heinrich","Pf. CLXI, 2.",Dramatic content (<sp>/<speaker>)
Gedichte.ks55.0.xml,"Brockes, Barthold Heinrich","Ps. CIV, 25. 26.",Too many verse lines (624)
Gedichte.ks55.0.xml,"Brockes, Barthold Heinrich","Sir. XLIII, 19. 21. 22.",Dramatic content (<sp>/<speaker>)
Gedichte.ks55.0.xml,"Brockes, Barthold Heinrich","Lev. XI, 24.",Too many verse lines (1105)
Gedichte.ks55.0.xml,"Brockes, Barthold Heinrich",Die Erde,Too many verse lines (592)
Gedichte.ks55.0.xml,"Brockes, Barthold Heinrich","Sir. XLIII, 6.",Dramatic content (<sp>/<speaker>)
Gedichte.ks55.0.xml,"Brockes, Barthold Heinrich",Fußnoten,Excluded title
Gedichte.ks55.0.xml,"Brockes, Barthold Heinrich",Das Menschliche Wissen,Dramatic content (<sp>/<speaker>)
Gedichte.mjrp.0.xml,"Droste-Hülshoff, Annette von",Fußnoten,Excluded title
Gedichte.mjrp.0.xml,"Droste-Hülshoff, Annette von",Fußnoten,Excluded title
Gedichte.mjrp.0.xml,"Droste-Hülshoff, Annette von",Fußnoten,Excluded title
Gedichte.mjrp.0.xml,"Droste-Hülshoff, Annette von",Fußnoten,Excluded title
Gedichte.mjrp.0.xml,"Droste-Hülshoff, Annette von",Fußnoten,Excluded title
Gedichte.mjrp.0.xml,"Droste-Hülshoff, Annette von",Fußnoten,Excluded title
Gedichte.mjrp.0.xml,"Droste-Hülshoff, Annette von",Fußnoten,Excluded title
Gedichte.mjrp.0.xml,"Droste-Hülshoff, Annette von",Fußnoten,Excluded title
Gedichte.mjrp.0.xml,"Droste-Hülshoff, Annette von",Fußnoten,Excluded title
Gedichte.mjrp.0.xml,"Droste-Hülshoff, Annette von",Fußnoten,Excluded title
Gedichte.mjrp.0.xml,"Droste-Hülshoff, Annette von",Fußnoten,Excluded title
Gedichte.mjrp.0.xml,"Droste-Hülshoff, Annette von",Fußnoten,Excluded title
Gedichte.mjrp.0.xml,"Droste-Hülshoff, Annette von",Fußnoten,Excluded title
Gedichte.mjrp.0.xml,"Droste-Hülshoff, Annette von",Fußnoten,Excluded title
Gedichte.mjrp.0.xml,"Droste-Hülshoff, Annette von",Fußnoten,Excluded title
Gedichte.mjrp.0.xml,"Droste-Hülshoff, Annette von",An meine liebe Mutter,Too few verse lines (0)
Gedichte.mhft.0.xml,"Dörmann, Felix",Felix Dörmann,Too few verse lines (0)
Gedichte.mhft.0.xml,"Dörmann, Felix",Widmung,Excluded title
Gedichte.mhft.0.xml,"Dörmann, Felix",Felix Dörmann,Too few verse lines (0)
Gedichte.mhft.0.xml,"Dörmann, Felix",Widmung,Excluded title
Gedichte.mhft.0.xml,"Dörmann, Felix",Tubal und Lilith,Dramatic content (<sp>/<speaker>)
Gedichte_1784-1800.qfh0.0.xml,"Hölderlin, Friedrich",Gedicht,Dramatic content (<sp>/<speaker>)
Gedichte_1784-1800.qfh0.0.xml,"Hölderlin, Friedrich",Hero,Dramatic content (<sp>/<speaker>)
Gedichte_1784-1800.qfh0.0.xml,"Hölderlin, Friedrich",Die Bücher der Zeiten,Dramatic content (<sp>/<speaker>)
Gedichte_1784-1800.qfh0.0.xml,"Hölderlin, Friedrich",Fußnoten,Excluded title
Gedichte_1784-1800.qfh0.0.xml,"Hölderlin, Friedrich",und das Publikum,Too few verse lines (2)
Gedichte_1784-1800.qfh0.0.xml,"Hölderlin, Friedrich",und die Deutschen,Too few verse lines (2)
Gedichte_1784-1800.qfh0.0.xml,"Hölderlin, Friedrich",Guter Rat,Too few verse lines (2)
Gedichte_1784-1800.qfh0.0.xml,"Hölderlin, Friedrich",Advocatus diaboli,Too few verse lines (2)
Gedichte_1784-1800.qfh0.0.xml,"Hölderlin, Friedrich",Die beschreibende Poësie,Too few verse lines (2)
Gedichte_1784-1800.qfh0.0.xml,"Hölderlin, Friedrich",Falsche Popularität,Too few verse lines (2)
Gedichte_1784-1800.qfh0.0.xml,"Hölderlin, Friedrich",Emilie vor ihrem Brauttag,Dramatic content (<sp>/<speaker>)
Gedichte_1784-1800.qfh0.0.xml,"Hölderlin, Friedrich",Προς εαυτον,Too few verse lines (2)
Gedichte_1784-1800.qfh0.0.xml,"Hölderlin, Friedrich",Sophokles,Too few verse lines (2)
Gedichte_1784-1800.qfh0.0.xml,"Hölderlin, Friedrich",Der zürnende Dichter,Too few verse lines (2)
Gedichte_1784-1800.qfh0.0.xml,"Hölderlin, Friedrich",Die Scherzhaften,Too few verse lines (2)
Gedichte_1784-1800.qfh0.0.xml,"Hölderlin, Friedrich",Wurzel alles Übels,Too few verse lines (2)
Oden._Erster_Band.r1pc.0.xml,"Klopstock, Friedrich Gottlieb",Die Kunst Tialfs,Dramatic content (<sp>/<speaker>)
Oden._Erster_Band.r1pc.0.xml,"Klopstock, Friedrich Gottlieb","Der Hügel, und der Hain",Dramatic content (<sp>/<speaker>)
Oden._Erster_Band.r1pc.0.xml,"Klopstock, Friedrich Gottlieb",Hermann,Dramatic content (<sp>/<speaker>)
Oden._Zweiter_Band.r1st.0.xml,"Klopstock, Friedrich Gottlieb",Morgengesang am Schöpfungsfeste,Dramatic content (<sp>/<speaker>)
Oden._Zweiter_Band.r1st.0.xml,"Klopstock, Friedrich Gottlieb",Der Fürst und sein Kebsweib,Dramatic content (<sp>/<speaker>)
Oden._Zweiter_Band.r1st.0.xml,"Klopstock, Friedrich Gottlieb",Der Geschmack,Dramatic content (<sp>/<speaker>)
Oden._Zweiter_Band.r1st.0.xml,"Klopstock, Friedrich Gottlieb","Die Sonne, und die Erde",Dramatic content (<sp>/<speaker>)
Oden._Zweiter_Band.r1st.0.xml,"Klopstock, Friedrich Gottlieb","Die Lerche, und die Nachtigall",Dramatic content (<sp>/<speaker>)
Oden._Zweiter_Band.r1st.0.xml,"Klopstock, Friedrich Gottlieb","Der Nachahmer, und der Erfinder",Dramatic content (<sp>/<speaker>)
Oden._Zweiter_Band.r1st.0.xml,"Klopstock, Friedrich Gottlieb",Einladung,Dramatic content (<sp>/<speaker>)
Gedichte.sg0h.0.xml,"Morgenstern, Christian",In Phanta's Schloss,Too few verse lines (0)
Gedichte.sg0h.0.xml,"Morgenstern, Christian",Prolog,Excluded title
Gedichte.sg0h.0.xml,"Morgenstern, Christian",Epilog,Excluded title
Gedichte.sg0h.0.xml,"Morgenstern, Christian",Fußnoten,Excluded title
Gedichte.sg0h.0.xml,"Morgenstern, Christian",Der Urton,Too few verse lines (0)
Gedichte.sg0h.0.xml,"Morgenstern, Christian",Brief an Georg Hirschfeld,Too few verse lines (0)
Gedichte.sg0h.0.xml,"Morgenstern, Christian",Ich und die Welt,Too few verse lines (0)
Gedichte.sg0h.0.xml,"Morgenstern, Christian",Vorbemerkung,Too few verse lines (0)
Gedichte.sg0h.0.xml,"Morgenstern, Christian",Fußnoten,Excluded title
Gedichte.sg0h.0.xml,"Morgenstern, Christian",Wir Lyriker,Too few verse lines (2)
Gedichte.sg0h.0.xml,"Morgenstern, Christian",»Aber die Dichter lügen zu viel«,Too few verse lines (2)
Gedichte.sg0h.0.xml,"Morgenstern, Christian",[Habe Lust an der Wirklichkeit!],Too few verse lines (2)
Gedichte.sg0h.0.xml,"Morgenstern, Christian",Lebens-Sprüche,Too few verse lines (2)
Gedichte.sg0h.0.xml,"Morgenstern, Christian",[In allem pulsieren],Too few verse lines (2)
Gedichte.sg0h.0.xml,"Morgenstern, Christian",Singende Flammen,Too few verse lines (0)
Gedichte.sg0h.0.xml,"Morgenstern, Christian",Reine Freude,Too few verse lines (0)
Gedichte.sg0h.0.xml,"Morgenstern, Christian",Mir kommt ein altes Bergmannslied zu Sinn,Too few verse lines (0)
Gedichte.sg0h.0.xml,"Morgenstern, Christian",Galgendichtung,Too few verse lines (0)
Gedichte.sg0h.0.xml,"Morgenstern, Christian",Fisches Nachtgesang,Too few verse lines (0)
Gedichte.sg0h.0.xml,"Morgenstern, Christian",Die Trichter,Too few verse lines (0)
Gedichte.sg0h.0.xml,"Morgenstern, Christian",Das ästhetische Wiesel,Too few verse lines (0)
Gedichte_(Ausgabe_1867).shr9.0.xml,"Mörike, Eduard",Gesang zu zweien in der Nacht,Dramatic content (<sp>/<speaker>)
Gedichte_(Ausgabe_1867).shr9.0.xml,"Mörike, Eduard",Fußnoten,Excluded title
Gedichte_(Ausgabe_1867).shr9.0.xml,"Mörike, Eduard",Zwiespalt,Too few verse lines (2)
Gedichte_(Ausgabe_1867).shr9.0.xml,"Mörike, Eduard",Der Häßliche,Too few verse lines (2)
Gedichte_(Ausgabe_1867).shr9.0.xml,"Mörike, Eduard",Auf dem Grabe eines Künstlers,Too few verse lines (2)
Gedichte_(Ausgabe_1867).shr9.0.xml,"Mörike, Eduard",An H. Kurtz,Too few verse lines (3)
Gedichte_(Ausgabe_1867).shr9.0.xml,"Mörike, Eduard",Brockes,Too few verse lines (2)
Gedichte_(Ausgabe_1867).shr9.0.xml,"Mörike, Eduard",Joseph Haydn,Too few verse lines (2)
Gedichte_(Ausgabe_1867).shr9.0.xml,"Mörike, Eduard",Kantate bei Enthüllung der Statue Schillers,Dramatic content (<sp>/<speaker>)
Gedichte_(Ausgabe_1867).shr9.0.xml,"Mörike, Eduard",Das lustige Wirtshaus,Dramatic content (<sp>/<speaker>)
Gedichte_(Ausgabe_1867).shr9.0.xml,"Mörike, Eduard","An O.H. Schönhuth,",Dramatic content (<sp>/<speaker>)
Gedichte_(Ausgabe_1867).shr9.0.xml,"Mörike, Eduard",Aus der Ferne,Dramatic content (<sp>/<speaker>)
Gedichte_(Ausgabe_1867).shr9.0.xml,"Mörike, Eduard",Fußnoten,Excluded title
Gedichte_(Ausgabe_1867).shr9.0.xml,"Mörike, Eduard",Fußnoten,Excluded title
Gedichte_(Ausgabe_1867).shr9.0.xml,"Mörike, Eduard",Herrn Bibliothekar Adelb. v. Keller,Dramatic content (<sp>/<speaker>)
Gedichte_(Ausgabe_1867).shr9.0.xml,"Mörike, Eduard",Fußnoten,Excluded title
Gedichte_(Ausgabe_1867).shr9.0.xml,"Mörike, Eduard",Fußnoten,Excluded title
Gedichte_(Ausgabe_1867).shr9.0.xml,"Mörike, Eduard",Fußnoten,Excluded title
Gedichte_(Ausgabe_1867).shr9.0.xml,"Mörike, Eduard",Fußnoten,Excluded title
Gedichte_(Ausgabe_1867).shr9.0.xml,"Mörike, Eduard",Charis und Penia,Dramatic content (<sp>/<speaker>)
Gedichte_(Ausgabe_1867).shr9.0.xml,"Mörike, Eduard",An X und Y,Too few verse lines (2)
Gedichte_(Ausgabe_1867).shr9.0.xml,"Mörike, Eduard",Fußnoten,Excluded title
Gedichte_(Ausgabe_1867).shr9.0.xml,"Mörike, Eduard",Auf einen Redner,Too few verse lines (2)
Gedichte_(Ausgabe_1867).shr9.0.xml,"Mörike, Eduard",Häusliche Szene,Dramatic content (<sp>/<speaker>)
Gedichte_(Ausgabe_1867).shr9.0.xml,"Mörike, Eduard",Fußnoten,Excluded title
Gedichte_(Ausgabe_1867).shr9.0.xml,"Mörike, Eduard",Bei Gelegenheit eines Kinderspielzeugs,Dramatic content (<sp>/<speaker>)
Gedichte_(Ausgabe_1867).shr9.0.xml,"Mörike, Eduard",Grabschrift des Pietro Aretino,Too few verse lines (2)
Gedichte_(Ausgabe_1867).shr9.0.xml,"Mörike, Eduard",Auf die Prosa eines Beamten,Dramatic content (<sp>/<speaker>)
Gedichte_(Ausgabe_1867).shr9.0.xml,"Mörike, Eduard",Auskunft,Too few verse lines (2)
Gedichte.tc2m.0.xml,"Rilke, Rainer Maria",Das Buch vom mönchischen Leben,Too many verse lines (1115)
Gedichte.tc2m.0.xml,"Rilke, Rainer Maria",Das Buch von der Pilgerschaft,Too many verse lines (868)
Gedichte.tc2m.0.xml,"Rilke, Rainer Maria",Das Buch von der Armut und vom Tode,Too many verse lines (547)
Gedichte.tc2m.0.xml,"Rilke, Rainer Maria",Fußnoten,Excluded title
Gedichte.tc2m.0.xml,"Rilke, Rainer Maria",Aus einer Sturmnacht,Dramatic content (<sp>/<speaker>)
Gedichte.tc2m.0.xml,"Rilke, Rainer Maria",Die Blinde,Dramatic content (<sp>/<speaker>)
Gedichte.tc2m.0.xml,"Rilke, Rainer Maria",(1907),Too few verse lines (0)
Gedichte.tc2m.0.xml,"Rilke, Rainer Maria",(1908),Too few verse lines (0)
Gedichte.tc2m.0.xml,"Rilke, Rainer Maria",(1908),Too few verse lines (0)
Gedichte.tc2m.0.xml,"Rilke, Rainer Maria","Duino, Januar 1912",Too few verse lines (0)
Gedichte.tc2m.0.xml,"Rilke, Rainer Maria",Erster Teil,Excluded title
Gedichte.tc2m.0.xml,"Rilke, Rainer Maria",Fußnoten,Excluded title
Gedichte.tc2m.0.xml,"Rilke, Rainer Maria",Fußnoten,Excluded title
Gedichte.tc2m.0.xml,"Rilke, Rainer Maria",Zweiter Teil,Excluded title
Gedichte.tc2m.0.xml,"Rilke, Rainer Maria",Fußnoten,Excluded title
Gedichte.tc2m.0.xml,"Rilke, Rainer Maria",Fußnoten,Excluded title
Gedichte.tc2m.0.xml,"Rilke, Rainer Maria",Fußnoten,Excluded title
Gedichte.tc2m.0.xml,"Rilke, Rainer Maria",Fußnoten,Excluded title
Gedichte.tc2m.0.xml,"Rilke, Rainer Maria",Fußnoten,Excluded title
Gedichte.tz3m.0.xml,"Schiller, Friedrich",[Aus:] Anthologie auf das Jahr 1782,Too few verse lines (0)
Gedichte.tz3m.0.xml,"Schiller, Friedrich",Gespräch,Dramatic content (<sp>/<speaker>)
Gedichte.tz3m.0.xml,"Schiller, Friedrich",Die Messiade,Too few verse lines (2)
Gedichte.tz3m.0.xml,"Schiller, Friedrich",Das Muttermal,Dramatic content (<sp>/<speaker>)
Gedichte.tz3m.0.xml,"Schiller, Friedrich",Elysium,Dramatic content (<sp>/<speaker>)
Gedichte.tz3m.0.xml,"Schiller, Friedrich",Fußnoten,Excluded title
Gedichte.tz3m.0.xml,"Schiller, Friedrich",An die Freude,Dramatic content (<sp>/<speaker>)
Gedichte.tz3m.0.xml,"Schiller, Friedrich",Fußnoten,Excluded title
Gedichte.tz3m.0.xml,"Schiller, Friedrich",Fußnoten,Excluded title
Gedichte.tz3m.0.xml,"Schiller, Friedrich",Die Künstler,Too many verse lines (481)
Gedichte.tz3m.0.xml,"Schiller, Friedrich",Das Höchste,Too few verse lines (2)
Gedichte.tz3m.0.xml,"Schiller, Friedrich",Unsterblichkeit,Too few verse lines (2)
Gedichte.tz3m.0.xml,"Schiller, Friedrich",Theophanie,Too few verse lines (2)
Gedichte.tz3m.0.xml,"Schiller, Friedrich",Fußnoten,Excluded title
Gedichte.tz3m.0.xml,"Schiller, Friedrich",Das Kind in der Wiege,Too few verse lines (2)
Gedichte.tz3m.0.xml,"Schiller, Friedrich",Das Unwandelbare,Too few verse lines (2)
Gedichte.tz3m.0.xml,"Schiller, Friedrich",Zeus zu Herkules,Too few verse lines (2)
Gedichte.tz3m.0.xml,"Schiller, Friedrich",Der beste Staat,Too few verse lines (2)
Gedichte.tz3m.0.xml,"Schiller, Friedrich",Der Skrupel,Too few verse lines (2)
Gedichte.tz3m.0.xml,"Schiller, Friedrich",Der Dichter an seine Kunstrichterin,Too few verse lines (2)
Gedichte.tz3m.0.xml,"Schiller, Friedrich",Die beste Staatsverfassung,Too few verse lines (2)
Gedichte.tz3m.0.xml,"Schiller, Friedrich",An die Gesetzgeber,Too few verse lines (2)
Gedichte.tz3m.0.xml,"Schiller, Friedrich",Würde des Menschen,Too few verse lines (2)
Gedichte.tz3m.0.xml,"Schiller, Friedrich",Das Ehrwürdige,Too few verse lines (2)
Gedichte.tz3m.0.xml,"Schiller, Friedrich",Jetzige Generation,Too few verse lines (2)
Gedichte.tz3m.0.xml,"Schiller, Friedrich",Falscher Studiertrieb,Too few verse lines (2)
Gedichte.tz3m.0.xml,"Schiller, Friedrich",Jugend,Too few verse lines (2)
Gedichte.tz3m.0.xml,"Schiller, Friedrich",Quelle der Verjüngung,Too few verse lines (2)
Gedichte.tz3m.0.xml,"Schiller, Friedrich",Der Aufpasser,Too few verse lines (2)
Gedichte.tz3m.0.xml,"Schiller, Friedrich",Der Naturkreis,Too few verse lines (2)
Gedichte.tz3m.0.xml,"Schiller, Friedrich",Der epische Hexameter,Too few verse lines (2)
Gedichte.tz3m.0.xml,"Schiller, Friedrich",Das Distichon,Too few verse lines (2)
Gedichte.tz3m.0.xml,"Schiller, Friedrich",Die achtzeilige Stanze,Too few verse lines (2)
Gedichte.tz3m.0.xml,"Schiller, Friedrich",Grabschrift,Too few verse lines (2)
Gedichte.tz3m.0.xml,"Schiller, Friedrich",Der Homeruskopf als Siegel,Too few verse lines (2)
Gedichte.tz3m.0.xml,"Schiller, Friedrich",Der Genius mit der umgekehrten Fackel,Too few verse lines (2)
Gedichte.tz3m.0.xml,"Schiller, Friedrich",Weibliches Urteil,Too few verse lines (2)
Gedichte.tz3m.0.xml,"Schiller, Friedrich",Forum des Weibes,Too few verse lines (2)
Gedichte.tz3m.0.xml,"Schiller, Friedrich",Inneres und Äußeres,Too few verse lines (2)
Gedichte.tz3m.0.xml,"Schiller, Friedrich",Freund und Feind,Too few verse lines (2)
Gedichte.tz3m.0.xml,"Schiller, Friedrich",Der griechische Genius,Too few verse lines (2)
Gedichte.tz3m.0.xml,"Schiller, Friedrich",Erwartung und Erfüllung,Too few verse lines (2)
Gedichte.tz3m.0.xml,"Schiller, Friedrich",Das gemeinsame Schicksal,Too few verse lines (2)
Gedichte.tz3m.0.xml,"Schiller, Friedrich",Menschliches Wirken,Too few verse lines (2)
Gedichte.tz3m.0.xml,"Schiller, Friedrich",Der Vater,Too few verse lines (2)
Gedichte.tz3m.0.xml,"Schiller, Friedrich",Liebe und Begierde,Too few verse lines (2)
Gedichte.tz3m.0.xml,"Schiller, Friedrich",Güte und Größe,Too few verse lines (2)
Gedichte.tz3m.0.xml,"Schiller, Friedrich",Die Urne und das Skelett,Too few verse lines (2)
Gedichte.tz3m.0.xml,"Schiller, Friedrich",Das Regiment,Too few verse lines (2)
Gedichte.tz3m.0.xml,"Schiller, Friedrich",Fußnoten,Excluded title
Gedichte.tz3m.0.xml,"Schiller, Friedrich",Der Obelisk,Too few verse lines (2)
Gedichte.tz3m.0.xml,"Schiller, Friedrich",Der Triumphbogen,Too few verse lines (2)
Gedichte.tz3m.0.xml,"Schiller, Friedrich",Die schöne Brücke,Too few verse lines (2)
Gedichte.tz3m.0.xml,"Schiller, Friedrich",Das Tor,Too few verse lines (2)
Gedichte.tz3m.0.xml,"Schiller, Friedrich",Die Peterskirche,Too few verse lines (2)
Gesamtausgabe_der_Werke.nbcd.0.xml,"George, Stefan",Jugendbildnis,Too few verse lines (0)
Gesamtausgabe_der_Werke.nbcd.0.xml,"George, Stefan",Widmung,Excluded title
Gesamtausgabe_der_Werke.nbcd.0.xml,"George, Stefan",VORREDE ZUM ERSTEN BAND DER GESAMT-AUSGABE,Too few verse lines (0)
Gesamtausgabe_der_Werke.nbcd.0.xml,"George, Stefan",VORREDE DER ERSTEN AUSGABE,Too few verse lines (0)
Gesamtausgabe_der_Werke.nbcd.0.xml,george,Unknown,Too few verse lines (0)
West-oestlicher_Divan.11fb8.0.xml,"Goethe, Johann Wolfgang",Beiname,Too few verse lines (0)
West-oestlicher_Divan.11fb8.0.xml,"Goethe, Johann Wolfgang","[Vom heut'gen Tag, von heut'ger Nacht]",Too few verse lines (3)
West-oestlicher_Divan.11fb8.0.xml,"Goethe, Johann Wolfgang",[Wer geboren in bös'ten Tagen],Too few verse lines (2)
West-oestlicher_Divan.11fb8.0.xml,"Goethe, Johann Wolfgang",[Wie etwas sei leicht],Too few verse lines (2)
West-oestlicher_Divan.11fb8.0.xml,"Goethe, Johann Wolfgang",[Das Meer flutet immer],Too few verse lines (2)
West-oestlicher_Divan.11fb8.0.xml,"Goethe, Johann Wolfgang","[Prüft das Geschick dich, weiß es wohl warum]",Too few verse lines (2)
West-oestlicher_Divan.11fb8.0.xml,"Goethe, Johann Wolfgang","[Noch ist es Tag, da rühre sich der Mann]",Too few verse lines (2)
West-oestlicher_Divan.11fb8.0.xml,"Goethe, Johann Wolfgang","[Mein Erbteil wie herrlich, weit und breit!]",Too few verse lines (2)
West-oestlicher_Divan.11fb8.0.xml,"Goethe, Johann Wolfgang",[Verschon uns Gott mit deinem Grimme!],Too few verse lines (2)
West-oestlicher_Divan.11fb8.0.xml,"Goethe, Johann Wolfgang",[Will der Neid sich doch zerreißen],Too few verse lines (2)
West-oestlicher_Divan.11fb8.0.xml,"Goethe, Johann Wolfgang",[Soll man dich nicht aufs schmählichste berauben],Too few verse lines (2)
West-oestlicher_Divan.11fb8.0.xml,"Goethe, Johann Wolfgang",[Warum ist Wahrheit fern und weit?],Too few verse lines (2)
West-oestlicher_Divan.11fb8.0.xml,"Goethe, Johann Wolfgang","[Dunkel ist die Nacht, bei Gott ist Licht]",Too few verse lines (2)
West-oestlicher_Divan.11fb8.0.xml,"Goethe, Johann Wolfgang",[Welch eine bunte Gemeinde!],Too few verse lines (2)
West-oestlicher_Divan.11fb8.0.xml,"Goethe, Johann Wolfgang",[Ihr nennt mich einen kargen Mann],Too few verse lines (2)
West-oestlicher_Divan.11fb8.0.xml,"Goethe, Johann Wolfgang",[Soll ich dir die Gegend zeigen],Too few verse lines (2)
West-oestlicher_Divan.11fb8.0.xml,"Goethe, Johann Wolfgang","[Wer schweigt, hat wenig zu sorgen]",Too few verse lines (2)
West-oestlicher_Divan.11fb8.0.xml,"Goethe, Johann Wolfgang",[Getretner Quark],Too few verse lines (2)
West-oestlicher_Divan.11fb8.0.xml,"Goethe, Johann Wolfgang",[Guten Ruf mußt du dir machen],Too few verse lines (3)
West-oestlicher_Divan.11fb8.0.xml,"Goethe, Johann Wolfgang",Wesir,Too few verse lines (3)
West-oestlicher_Divan.11fb8.0.xml,"Goethe, Johann Wolfgang","[Wisse, daß mir sehr mißfällt]",Too few verse lines (3)
West-oestlicher_Divan.11fb8.0.xml,"Goethe, Johann Wolfgang","[Sag, du hast wohl viel gedichtet]",Too few verse lines (0)
West-oestlicher_Divan.11fb8.0.xml,"Goethe, Johann Wolfgang",[Die Sonne kommt! Ein Prachterscheinen!],Too few verse lines (0)
West-oestlicher_Divan.11fb8.0.xml,"Goethe, Johann Wolfgang",[Volk und Knecht und Überwinder],Too few verse lines (0)
West-oestlicher_Divan.11fb8.0.xml,"Goethe, Johann Wolfgang",[Wie des Goldschmieds Basarlädchen],Too few verse lines (0)
West-oestlicher_Divan.11fb8.0.xml,"Goethe, Johann Wolfgang","[Locken, haltet mich gefangen]",Too few verse lines (0)
West-oestlicher_Divan.11fb8.0.xml,"Goethe, Johann Wolfgang",[An des lust'gen Brunnens Rand],Too few verse lines (0)
West-oestlicher_Divan.11fb8.0.xml,"Goethe, Johann Wolfgang",[Kaum daß ich dich wieder habe],Too few verse lines (0)
West-oestlicher_Divan.11fb8.0.xml,"Goethe, Johann Wolfgang","[So weit bracht es Muley, der Dieb]",Too few verse lines (2)
West-oestlicher_Divan.11fb8.0.xml,"Goethe, Johann Wolfgang",[Warum du nur oft so unhold bist?],Too few verse lines (0)
West-oestlicher_Divan.11fb8.0.xml,"Goethe, Johann Wolfgang","[Setze mir nicht, du Grobian]",Too few verse lines (0)
West-oestlicher_Divan.11fb8.0.xml,"Goethe, Johann Wolfgang","[Welch ein Zustand! Herr, so späte]",Too few verse lines (0)
West-oestlicher_Divan.11fb8.0.xml,"Goethe, Johann Wolfgang","[Schenke, komm! Noch einen Becher!]",Too few verse lines (0)
West-oestlicher_Divan.11fb8.0.xml,"Goethe, Johann Wolfgang","[Denk, o Herr! wenn du getrunken]",Too few verse lines (0)
West-oestlicher_Divan.11fb8.0.xml,"Goethe, Johann Wolfgang",Sommernacht,Too few verse lines (0)
West-oestlicher_Divan.11fb8.0.xml,"Goethe, Johann Wolfgang",[So hab ich endlich von dir erharrt],Too few verse lines (0)
West-oestlicher_Divan.11fb8.0.xml,"Goethe, Johann Wolfgang",Berechtigte Männer,Too few verse lines (0)
West-oestlicher_Divan.11fb8.0.xml,"Goethe, Johann Wolfgang",Einlaß,Too few verse lines (0)
West-oestlicher_Divan.11fb8.0.xml,"Goethe, Johann Wolfgang",Anklang,Too few verse lines (0)
West-oestlicher_Divan.11fb8.0.xml,"Goethe, Johann Wolfgang","[Deine Liebe, dein Kuß mich entzückt!]",Too few verse lines (0)
West-oestlicher_Divan.11fb8.0.xml,"Goethe, Johann Wolfgang",[Wieder einen Finger schlägst du mir ein!],Too few verse lines (0)
Gedichte.qdcg.0.xml,"Hofmannsthal, Hugo von",Widmung,Excluded title
Gedichte.qdcg.0.xml,"Hofmannsthal, Hugo von",Dies ist die Lehre des Lebens,Too few verse lines (2)
Gedichte.qdcg.0.xml,"Hofmannsthal, Hugo von",Trennt ihr vom Inhalt die Form,Too few verse lines (2)
Gedichte.qdcg.0.xml,"Hofmannsthal, Hugo von",Mit Handschuhen für Leopold Andrian,Dramatic content (<sp>/<speaker>)
Gedichte.qdcg.0.xml,"Hofmannsthal, Hugo von",Die Dichter und die Zeit,Too few verse lines (2)
Gedichte.qdcg.0.xml,"Hofmannsthal, Hugo von",Dichter und Stoff,Too few verse lines (2)
Gedichte.qdcg.0.xml,"Hofmannsthal, Hugo von",Dichtkunst,Too few verse lines (2)
Gedichte.qdcg.0.xml,"Hofmannsthal, Hugo von",Eigene Sprache,Too few verse lines (2)
Gedichte.qdcg.0.xml,"Hofmannsthal, Hugo von",Spiegel der Welt,Too few verse lines (2)
Gedichte.qdcg.0.xml,"Hofmannsthal, Hugo von",Erkenntnis,Too few verse lines (2)
Gedichte.qdcg.0.xml,"Hofmannsthal, Hugo von",Namen,Too few verse lines (2)
Gedichte.qdcg.0.xml,"Hofmannsthal, Hugo von",Worte,Too few verse lines (2)
Gedichte.qdcg.0.xml,"Hofmannsthal, Hugo von",Kunst des Erzählens,Too few verse lines (2)
Gedichte.qdcg.0.xml,"Hofmannsthal, Hugo von",Grösse,Too few verse lines (2)
Gedichte.qdcg.0.xml,"Hofmannsthal, Hugo von",Bedingung,Too few verse lines (2)
Gedichte.qdcg.0.xml,"Hofmannsthal, Hugo von",Verwandlung,Dramatic content (<sp>/<speaker>)
Gedichte.qdcg.0.xml,"Hofmannsthal, Hugo von",Gesellschaft,Dramatic content (<sp>/<speaker>)
Gedichte.qdcg.0.xml,"Hofmannsthal, Hugo von",Der Jüngling und die Spinne,Dramatic content (<sp>/<speaker>)
Gedichte.qdcg.0.xml,"Hofmannsthal, Hugo von",Idylle,Dramatic content (<sp>/<speaker>)
Gedichte.vqts.0.xml,"Stadler, Ernst",Freundinnen. Ein Spiel,Dramatic content (<sp>/<speaker>)
Erstes_Buch.vt5t.0.xml,"Storm, Theodor","2. [Die Sense rauscht, die Ähre fällt]",Too few verse lines (3)
Erstes_Buch.vt5t.0.xml,"Storm, Theodor",4. [Da diese Augen nun in Staub vergehen],Too few verse lines (2)
Erstes_Buch.vt5t.0.xml,"Storm, Theodor",Notgedrungener Prolog,Dramatic content (<sp>/<speaker>)
Erstes_Buch.vt5t.0.xml,"Storm, Theodor",Lyrische Form,Dramatic content (<sp>/<speaker>)
Sebastian_im_Traum.wfhg.0.xml,"Trakl, Georg",Verwandlung des Bösen,Too few verse lines (0)
Sebastian_im_Traum.wfhg.0.xml,"Trakl, Georg",Winternacht,Too few verse lines (0)
Sebastian_im_Traum.wfhg.0.xml,"Trakl, Georg",Traum und Umnachtung,Too few verse lines (0)
Gedichte.x381.0.xml,"Wedekind, Frank",Zwiegespräch,Dramatic content (<sp>/<speaker>)
Gedichte.x381.0.xml,"Wedekind, Frank",Zwiegesang,Dramatic content (<sp>/<speaker>)
